model,threshold,f1,pred_positive_rate,pred_positives
logreg,0.5306358485564483,0.36203561472378676,0.4457826465024966,99455.0
mlp,0.15692455046738227,0.3422338000651254,0.586346155570098,130815.0
xgboost,0.16295350513544427,0.36430195420343203,0.4779114485750912,106623.0
