model,year,n_rows,threshold,auc,f1,accuracy,brier_score,ece,default_rate,mean_pred,pred_positive_rate
gpt-4.1-nano,2015,500,0.10120080321285141,0.5467940907706366,0.3277591973244147,0.196,0.16012,0.041199999999999994,0.196,0.23720000000000005,1.0
gpt-4.1-nano,2016,500,0.10120080321285141,0.544010033136966,0.3660130718954248,0.224,0.17406000000000002,0.013599999999999977,0.224,0.2338,1.0
gpt-4.1-nano,2017,500,0.10120080321285141,0.5078742588932806,0.4177215189873418,0.264,0.19884500000000002,0.05009999999999998,0.264,0.23810000000000003,1.0
gpt-4.1-nano,2018,500,0.10120080321285141,0.5977411764705882,0.2608695652173913,0.15,0.13241500000000003,0.08689999999999999,0.15,0.23690000000000003,1.0
