year,n_rows,default_rate,pred_positive_rate,auc,f1,time_gap,model,threshold
2015,375543,0.2018463930894731,0.47577241487659205,0.6560246983326474,0.38858041064937615,1,xgboost,0.16295350513544427
2016,293057,0.23281818895300233,0.4500592034996605,0.6540045954184368,0.4208232977883491,2,xgboost,0.16295350513544427
2017,169117,0.23127184138791487,0.4074457328358474,0.660986041087096,0.4206150826714066,3,xgboost,0.16295350513544427
2018,56160,0.15751424501424502,0.3486645299145299,0.6613862234278576,0.3346818165828262,4,xgboost,0.16295350513544427
