n_rows,default_rate,mean_pred,brier_score,ece,abs_mean_prob_minus_default_rate,year,time_gap,model,threshold
375543,0.2018463930894731,0.16947354077648094,0.1547501772910569,0.032468362243949174,0.03237285231299217,2015,1,logreg,0.1743370848987072
293057,0.23281818895300233,0.16650727433341533,0.17426869535140138,0.06644758053650805,0.06631091461958699,2016,2,logreg,0.1743370848987072
169117,0.23127184138791487,0.1594969064772461,0.1737566781684721,0.07285798442241634,0.07177493491066878,2017,3,logreg,0.1743370848987072
56160,0.15751424501424502,0.14917752728518144,0.12754491953478728,0.010512876665391987,0.00833671772906358,2018,4,logreg,0.1743370848987072
