year,n_rows,default_rate,pred_positive_rate,auc,f1,time_gap,model,threshold
2015,375543,0.2018463930894731,0.4490803982500007,0.6556841555686018,0.38964045964221866,1,logreg,0.5306358485564483
2016,293057,0.23281818895300233,0.43054081629171115,0.6542599885560934,0.42043806133681755,2,logreg,0.5306358485564483
2017,169117,0.23127184138791487,0.38977157825647335,0.6636951602054987,0.4207790229365223,3,logreg,0.5306358485564483
2018,56160,0.15751424501424502,0.32918447293447295,0.6600149303897245,0.3340284637617532,4,logreg,0.5306358485564483
